-- inserts for the database

-- 20 currently (5 inactive)
INSERT INTO employee VALUES 
('tdog',            'Anthony',      'Niehuser',     '1996-09-09',       'tdog@gmail.com',               75000,  true,   true),
('bro',             'Damon',        'George',       '1995-06-04',       'thedamon@example.com',         50000,  true,   false),
('gflaxman0',       'Glory',        'Flaxman',      '1969-02-01',       'gflaxman0@wordpress.org',      16054,  true,   false), 
('gvanderkrui1',    'Grantley',     'Van der Krui', '1974-10-23',       'gvanderkrui1@sakura.ne.jp',    18001,  true,   false), 
('sfansy2',         'Sacha',        'Fansy',        '1980-05-26',       'sfansy2@qq.com',               57666,  true,   false), 
('jtooher3',        'Jami',         'Tooher',       '1964-09-18',       'jtooher3@storify.com',         29786,  true,   false), 
('zbeedon4',        'Zandra',       'Beedon',       '1986-03-13',       'zbeedon4@amazon.co.jp',        54816,  true,   false), 
('mcurneen5',       'Maia',         'Curneen',      '1966-12-14',       'mcurneen5@wikimedia.org',      49578,  true,   false), 
('asalan6',         'Arnie',        'Salan',        '1977-10-13',       'asalan6@cmu.edu',              75396,  true,   true),  
('hfriary7',        'Haleigh',      'Friary',       '1976-12-15',       'hfriary7@moonfruit.com',       44525,  true,   false), 
('amcfie8',         'Anni',         'McFie',        '1973-08-22',       'amcfie8@disqus.com',           35666,  true,   false), 
('kkidsone',        'Krystle',      'Kidson',       '1974-03-27',       'kkidsone@google.pl',           73612,  true,   true),  
('mbochf',          'Malena',       'Boch',         '1979-07-29',       'mbochf@pen.io',                61230,  true,   false), 
('btyzackg',        'Berenice',     'Tyzack',       '1970-07-05',       'btyzackg@godaddy.com',         19274,  true,   false), 
('dhaldonh',        'Dori',         'Haldon',       '1989-04-09',       'dhaldonh@addtoany.com',        27422,  true,   false), 
('gwoodcrofti',     'Gardy',        'Woodcroft',    '1968-12-14',       'gwoodcrofti@salon.com',        89563,  false,  true),  
('lrentonj',        'Laura',        'Renton',       '1985-01-07',       'lrentonj@fastcompany.com',     29903,  false,  false), 
('jlafrentzk',      'Jeniece',      'Lafrentz',     '1990-05-22',       'jlafrentzk@icio.us',           25849,  false,  false), 
('gcadwelll',       'Ginevra',      'Cadwell',      '1983-09-14',       'gcadwelll@wikimedia.org',      51682,  false,  false), 
('icondellm',       'Ignacius',     'Condell',      '1989-03-07',       'icondellm@wix.com',            30888,  false,  false);

-- 9 currently (2 closed)
INSERT INTO enclosure VALUES 
(1, 'Rocky River',      'Simulated Pine river',             true),
(2, 'African Plains',   'Bouldered grass with few trees',   true),
(3, 'Dense Jungle',     'South African Rainforest',         true),
(4, 'Reptiles',         'Small encaged exhibits',           true),
(5, 'Open Trees',       'Large Tree Playground',            true),
(6, 'The Aviary',       'Bird Sanctuary',                   true),
(7, 'Swamp',            'Shallow stagnant water and brush', false),
(8, 'Arctic Enclosure', 'Arctic',                           false);

-- 50 species
-- need some without any animals
INSERT INTO species VALUES 
-- river
('Castor fiber',                  'Beaver, european',                 1),
('Aonyx cinerea',                 'Small-clawed otter',               1),
('Ursus arctos',                  'Bear, grizzly',                    1),
('Oncorhynchus nerka',            'Sockeye salmon',                   1),

-- plains
('Felis libyca',                  'Cat, cape wild',                   2),
('Hyaena brunnea',                'Hyena, brown',                     2),
('Felis concolor',                'Lion, mountain',                   2),
('Dasyurus maculatus',            'Tiger cat',                        2),
('Lycaon pictus',                 'African wild dog',                 2),
('Ceratotherium simum',           'White rhinoceros',                 2),

-- jungle
('Amazona mantigra',              'Praying mantis',                   3),
('Amazona sparus',                'Amazon parrot',                    3),
('Snakarius mythongregor',        'Python',                           3),
('Lepilemur rufescens',           'Sportive lemur',                   3),
('Petaurus breviceps',            'Sugar glider',                     3),
('Tockus erythrorhyncus',         'Hornbill, red-billed',             3),
('Junonia genoveua',              'Butterfly, tropical buckeye',      3),
('Deroptyus accipitrinus',        'Hawk-headed parrot',               3),
('Phylurus milli',                'Barking gecko',                    3),

-- reptiles/snakes/spiders
('Amblyrhynchus cristatus',       'Iguana, marine',                   4),
('Acrantophis madagascariensis',  'Malagasy ground boa',              4),
('Naja haje',                     'Egyptian viper',                   4),
('Crotaphytus collaris',          'Collared lizard',                  4),
('Amphibolurus barbatus',         'Dragon, western bearded',          4),
('Tiliqua scincoides',            'Blue-tongued lizard',              4),
('Geochelone elephantopus',       'Galapagos tortoise',               4),

-- open trees
('Cebus nigrivittatus',           'Capuchin, weeper',                 5),
('Papio cynocephalus',            'Baboon, savanna',                  5),
('Cebus apella',                  'Capuchin, brown',                  5),
('Choloepus hoffmani',            'Sloth, two-toed tree',             5),
('Cercopithecus aethiops',        'Vervet monkey',                    5),
('Macaca mulatta',                'Monkey, rhesus',                   5),
('Papio olivarianus',             'Olive baboon',                     5),

-- aviary
('Paroaria gularis',              'Cardinal, red-capped',             6),
('Aquila chrysaetos',             'Golden eagle',                     6),
('Lophoaetus occipitalis',        'Long-crested hawk eagle',          6),
('Nyctea scandiaca',              'Snowy owl',                        6),
('Gyps bengalensis',              'Vulture, bengal',                  6),
('Falco peregrinus',              'Peregrine falcon',                 6),
('Irania gutteralis',             'Robin, white-throated',            6),

-- swamp
('Caiman crocodilus',             'Caiman, spectacled',               7),
('Cervus duvauceli',              'Swamp deer',                       7),
('Rana spoterious',               'Frog, swamp spotted',              7),
('Alligator mississippiensis',    'American alligator',               7),
('Sus scrofa',                    'Boar, wild',                       7),

-- arctic
('Alopex lagopus',                'Arctic fox',                       8),
('Spheniscus magellanicus',       'Penguin, magellanic',              8),
('Lepus arcticus',                'Hare, arctic',                     8),
('Spermophilus parryii',          'Arctic ground squirrel',           8),
('Fratercula corniculata',        'Horned puffin',                    8);



INSERT INTO animal VALUES 
-- river
(1, 'Jacenta', 'Sweet little beaver',                                'Castor fiber',       '2008-03-04', 13, '2017-12-06 00:57:21'),
(2, 'Gael',    'Likes swimming in front of people',                  'Aonyx cinerea',      '2006-02-18', 8,  '2017-12-01 03:54:55'),
(3, 'Allayne', 'Snuggles with Gael all the time. Very pushy though', 'Aonyx cinerea',      '1990-04-19', 17, '2017-12-02 00:47:44'),
(4, 'Paxon',   'Really relaxed big guy. Not aggressive at all',      'Ursus arctos',       '2006-12-27', 6,  '2017-12-06 21:08:57'),
(5, 'Darrell', 'The large one',                                      'Oncorhynchus nerka', '2010-11-27', 6,  '2017-12-05 00:00:19'),
(6, 'Malanie', 'The small one',                                      'Oncorhynchus nerka', '2004-04-18', 15, '2017-12-02 21:06:04'),
(7, 'Heloise', 'Jumping all the time',                               'Oncorhynchus nerka', '1992-04-20', 15, '2017-12-06 14:39:53'),
(8, 'Clio',    'Does not do much',                                   'Oncorhynchus nerka', '1995-07-22', 3,  '2017-12-06 22:38:19'),

-- plains
(9,  'Prinz',    'Really mean to handlers when hungry',                         'Felis libyca',        '2013-08-26', 2,  '2017-12-06 08:02:14'),
(10, 'Cordie',   'Stays close to Carie at all times',                           'Hyaena brunnea',      '2011-07-05', 16, '2017-12-07 20:54:15'),
(11, 'Carie',    'Hungry all the time. Has the large spot on back',             'Hyaena brunnea',      '2006-07-07', 19, '2017-12-02 07:03:22'),
(12, 'Kizzie',   'Quite a bright color and really protective of his territory', 'Felis concolor',      '1996-10-04', 5,  '2017-12-05 16:54:59'),
(13, 'Brand',    'Hides really well with his dull colored coat',                'Dasyurus maculatus',  '1992-07-07', 4,  '2017-12-07 01:08:58'),
(14, 'Raynor',   'Really noisy all the time. Annoys other animals',             'Lycaon pictus',       '2005-09-03', 6,  '2017-12-02 22:01:37'),
(15, 'Anjela',   'Gets annoyed by Raynor easily',                               'Lycaon pictus',       '2001-05-01', 20, '2017-12-02 19:29:27'),
(16, 'Dominica', 'Keeps to himself most of the time',                           'Ceratotherium simum', '1996-01-28', 13, '2017-12-01 10:40:21'),

-- jungle
(17, 'Big Mantis',    'The big one',                                                        'Amazona mantigra',       '2000-10-03', 8,  '2017-12-06 12:50:01'),
(18, 'Little Mantis', 'Tiny elusive one',                                                   'Amazona mantigra',       '2008-06-12', 5,  '2017-12-01 05:04:31'),
(19, 'Mantis 3',      'The other one',                                                      'Amazona mantigra',       '1990-01-02', 15, '2017-12-05 05:36:27'),
(20, 'Fae',           'Hungry massive snake. Not too dangerous though',                     'Snakarius mythongregor', '1998-12-17', 16, '2017-12-06 01:37:39'),
(21, 'Michale',       'Machale and Edgard love talking to each other',                      'Amazona sparus',         '1991-09-04', 5,  '2017-12-07 06:25:52'),
(22, 'Edgard',        'The bright colored one',                                             'Amazona sparus',         '2009-04-27', 9,  '2017-12-03 12:34:07'),
(23, 'Chadwick',      'Very energetic and fast',                                            'Lepilemur rufescens',    '2005-02-14', 3,  '2017-12-01 06:36:14'),
(24, 'Roslyn',        'Just like to watch Chadwick',                                        'Lepilemur rufescens',    '1994-08-17', 19, '2017-12-04 07:41:31'),
(25, 'Em',            'So cute',                                                            'Petaurus breviceps',     '2014-01-19', 1,  '2017-12-07 02:19:42'),
(26, 'Son',           'Surpisingly mean for a sugar glider',                                'Petaurus breviceps',     '2015-05-21', 3,  '2017-12-02 05:00:05'),
(27, 'Pris',          'Looks super cool with his large beak',                               'Tockus erythrorhyncus',  '1997-01-09', 11, '2017-12-06 02:51:40'),
(28, 'Cordy',         'The biggest of the huge butterflies',                                'Junonia genoveua',       '2008-06-01', 15, '2017-12-05 20:46:54'),
(29, 'Madelaine',     'Has the cool face on its wings',                                     'Junonia genoveua',       '1997-04-23', 15, '2017-12-01 05:45:08'),
(30, 'Fern',          'The less colored but bigger parrot',                                 'Deroptyus accipitrinus', '2015-09-28', 9,  '2017-12-03 00:22:34'),
(31, 'Christi',       'The really loud gecko. Really small but I always know where she is', 'Phylurus milli',         '2016-02-12', 6,  '2017-12-04 15:51:27'),

-- reptiles/snakes
(32, 'Lura',      'The massive iguana. Cool coloring and just huge',                              'Amblyrhynchus cristatus',      '2007-03-03', 8,  '2017-12-03 19:24:40'),
(33, 'Torie',     'Nothing like a nice big boa',                                                  'Acrantophis madagascariensis', '2010-01-03', 7,  '2017-12-07 19:45:43'),
(34, 'Bruis',     'The egyptian snake has a really interesting triangular pattern on its scales', 'Naja haje',                    '2011-09-20', 12, '2017-12-03 13:35:00'),
(35, 'Essie',     'Does not eat much but loves showing off',                                      'Crotaphytus collaris',         '1997-11-10', 5,  '2017-12-03 22:40:35'),
(36, 'Ddene',     'Pretty fat komodo dragon',                                                     'Amphibolurus barbatus',        '1996-05-22', 7,  '2017-12-06 13:45:41'),
(37, 'Zackariah', 'What a blue tongue',                                                           'Tiliqua scincoides',           '2004-02-04', 6,  '2017-12-02 08:02:48'),
(38, 'Sharl',     'Loves climbing on top of Shantee',                                             'Geochelone elephantopus',      '1996-03-01', 20, '2017-12-02 05:45:57'),
(39, 'Shantee',   'Pretty small for this type of tortoise',                                       'Geochelone elephantopus',      '2012-04-25', 14, '2017-12-06 23:47:33'),

-- open trees
(40, 'Salomi',   'Has the really exaggerated marks around her eyes.', 'Cebus nigrivittatus',    '1997-06-28', 11, '2017-12-01 16:57:43'),
(41, 'Jdavie',   'Loves showing off to the other monkeys',            'Cebus nigrivittatus',    '2002-07-03', 4,  '2017-12-07 19:56:03'),
(42, 'Doe',      'Swinging his butt all over the place',              'Papio cynocephalus',     '2015-04-04', 14, '2017-12-03 08:14:32'),
(43, 'Mildrid',  'Such a caring animal',                              'Cebus apella',           '2006-08-27', 5,  '2017-12-01 13:32:30'),
(44, 'Hally',    'So mean to Mildrid even though she is so nice',     'Cebus apella',           '1991-02-28', 3,  '2017-12-02 18:44:09'),
(45, 'Victoria', 'The only sloth we have. She is impressively slow',  'Choloepus hoffmani',     '1995-03-24', 12, '2017-12-05 13:25:39'),
(46, 'Bondon',   'Always chatting it up with Dane',                   'Cercopithecus aethiops', '2008-06-04', 9,  '2017-12-02 22:45:04'),
(47, 'Dane',     'Very loud and obnoxious',                           'Cercopithecus aethiops', '2003-01-02', 4,  '2017-12-03 05:15:43'),
(48, 'Peirce',   'A master of swinging around',                       'Cercopithecus aethiops', '2006-02-19', 18, '2017-12-07 17:05:29'),
(49, 'Mercy',    'Just chilling',                                     'Cercopithecus aethiops', '1997-07-07', 19, '2017-12-01 07:07:00'),
(50, 'Smith',    'Likes to eat all the time',                         'Macaca mulatta',         '2005-01-28', 10, '2017-12-07 02:14:40'),

-- aviary
(51, 'Gustavus',   'The really red cardinal',                             'Paroaria gularis',       '2009-08-13', 20, '2017-12-06 22:55:36'),
(52, 'Tim',        'Runs into the top of the aviary all the time',        'Paroaria gularis',       '2008-05-21', 9,  '2017-12-02 21:56:49'),
(53, 'Becki',      'The massive golden master of the aviary',             'Aquila chrysaetos',      '2010-12-25', 14, '2017-12-06 01:23:26'),
(54, 'Melisandra', 'It is a hawk or an eagle??',                          'Lophoaetus occipitalis', '2003-01-09', 5,  '2017-12-05 00:09:54'),
(55, 'Camile',     'Always flying around scaring visitors!',              'Lophoaetus occipitalis', '1991-06-28', 5,  '2017-12-03 19:02:29'),
(56, 'Tabby',      'People love seeing Tabby. What a beautiful creature', 'Nyctea scandiaca',       '2013-05-05', 8,  '2017-12-07 16:13:41'),
(57, 'Jobye',      'Always sulking around the ground',                    'Gyps bengalensis',       '2011-05-08', 18, '2017-12-04 17:03:59'),
(58, 'Phaidra',    'Loves some fresh meat!',                              'Gyps bengalensis',       '2006-08-30', 4,  '2017-12-01 19:34:50'),

-- swamp
(59, 'Rutger',    'The big croc. Very aggressive',     'Caiman crocodilus',          '1999-05-13', 12, '2017-12-07 13:54:51'),
(60, 'Tove',      'Really lazy',                       'Caiman crocodilus',          '1994-01-12', 17, '2017-12-03 13:00:35'),
(61, 'Fanya',     'Lonely but loves running around',   'Cervus duvauceli',           '2007-01-31', 19, '2017-12-05 03:44:51'),
(62, 'Franny',    'Loud all the time',                 'Rana spoterious',            '2001-09-05', 4,  '2017-12-03 18:49:37'),
(63, 'Emelina',   'The Hopper',                        'Rana spoterious',            '1997-11-29', 11, '2017-12-01 02:24:22'),
(64, 'Valentine', 'Always hiding',                     'Rana spoterious',            '1995-12-23', 20, '2017-12-03 16:14:24'),
(65, 'Cherice',   'One of the two small ones.',        'Alligator mississippiensis', '2002-02-20', 6,  '2017-12-04 04:14:12'),
(66, 'Even',      'Loves playing around with Cherice', 'Alligator mississippiensis', '1997-08-18', 9,  '2017-12-07 18:24:38'),
(67, 'Fiorenze',  'Highly protective',                 'Alligator mississippiensis', '1990-04-14', 13, '2017-12-07 10:11:09'),

-- arctic
(68, 'Alvina',  'Very sneaky and hard to spot',                                     'Alopex lagopus',          '1993-03-13', 1,  '2017-12-03 15:22:06'),
(69, 'Vanni',   'Very egotistical penguin. Always showing off',                     'Spheniscus magellanicus', '2006-10-08', 16, '2017-12-05 05:20:08'),
(70, 'Antone',  'Loves a crowd, as well as long walks on the beach',                'Spheniscus magellanicus', '2014-09-14', 14, '2017-12-01 03:27:31'),
(71, 'George',  'Has the long black streak on its side',                            'Spheniscus magellanicus', '1997-12-02', 7,  '2017-12-02 06:37:32'),
(72, 'Cecilia', 'The excited hare',                                                 'Lepus arcticus',          '2006-04-11', 8,  '2017-12-03 21:27:12'),
(73, 'Husein',  'The lazy hare',                                                    'Lepus arcticus',          '2009-11-01', 18, '2017-12-03 03:22:19'),
(74, 'Aharon',  'Loves Cecilia but not Husein',                                     'Lepus arcticus',          '2004-01-31', 14, '2017-12-04 07:10:31'),
(75, 'Asher',   'The really fast one that is always running around',                'Spermophilus parryii',    '1991-05-16', 20, '2017-12-06 13:53:30'),
(76, 'Itch',    'Loves eating, so he is always lying down and rubbing his stomach', 'Spermophilus parryii',    '2003-08-08', 15, '2017-12-03 00:58:17'),
(77, 'Wallie',  'The really horny one',                                             'Fratercula corniculata',  '2004-04-10', 11, '2017-12-02 20:17:46'),
(78, 'Nadean',  'Always showing off her plumage',                                   'Fratercula corniculata',  '2003-11-12', 6,  '2017-12-05 15:52:40'),
(79, 'Mort',    'Likes to peck at your hands when your feeding him',                'Fratercula corniculata',  '1992-03-02', 9,  '2017-12-01 04:48:27');

INSERT INTO food VALUES 
(1  , 'Protein Heart Bird Feed'      , 'Bird Feed Supplies'         , 12.29     , 96   , 4.5),
(2  , 'Fiber Healthy Wet Bird Feed'  , 'Bird Feed Supplies'         , 9.48      , 18   , 7.0),
(3  , 'Fresh Worms and Grubs'        , 'Bird Feed Supplies'         , 11.49     , 61   , 1.4),
(4  , 'Common Birds, Fish and Beef'  , 'Zoo Meat Suppliers, Inc'    , 12.59     , 51   , 1.0),

(5  , 'Smoked Salmon'                , 'Fish And Food'              , 13.57     , 36   , 4.6),
(6  , 'Fresh Mackarel'               , 'Fish And Food'              , 10.05     , 28   , 4.1),
(7  , 'Honey - Liquid'               , 'Fresh Groceries, Inc'       , 12.95     , 23   , 6.3),
(8  , 'Strawberries - California'    , 'Fresh Groceries, Inc'       , 6.64      , 23   , 0.7),

(9  , 'Raw Beef Leftovers'           , 'Zoo Meat Suppliers, Inc'    , 6.93      , 94   , 3.7),
(10 , 'Ham - Virginia'               , 'Zoo Meat Suppliers, Inc'    , 13.45     , 36   , 2.7),
(11 , 'Wild Dog Feed with Fiber'     , 'Dog Food for the Wild'      , 10.47     , 06   , 9.7),
(12 , 'Milk'                         , 'Fresh Groceries, Inc'       , 9.46      , 80   , 2.1),
(13 , 'Fibrous Plants Assortment'    , 'Fresh Groceries, Inc'       , 17.26     , 18   , 9.5),

(14 , 'Fresh Ants and Small Insects' , 'Hearty Insects'             , 17.09     , 02   , 8.9),
(15 , 'Small Mice'                   , 'Small Animal Zoo Providers' , 5.33      , 104  , 7.8),

(16 , 'Grapes - Black'               , 'Fresh Groceries, Inc'       , 14.59     , 16   , 2.3),
(17 , 'Nuts Assortment'              , 'Fresh Groceries, Inc'       , 11.59     , 112  , 0.3),
(18 , 'Dragon Fruit'                 , 'Fresh Groceries, Inc'       , 10.08     , 13   , 5.2),
(19 , 'Beef - Roasted, Cooked'       , 'Zoo Meat Suppliers, Inc'    , 14.01     , 61   , 8.1);


INSERT INTO employee_training VALUES 
('jlafrentzk',   'Amazona sparus',               '2005-05-03', 12),
('gflaxman0',    'Cebus nigrivittatus',          '2008-12-07', 11),
('zbeedon4',     'Amphibolurus barbatus',        '2000-01-19', 3),
('kkidsone',     'Tockus erythrorhyncus',        '2000-02-17', 2),
('amcfie8',      'Choloepus hoffmani',           '2000-03-13', 14),
('sfansy2',      'Felis libyca',                 '2008-07-11', 13),
('kkidsone',     'Amazona mantigra',             '2008-01-29', 2),
('gflaxman0',    'Tockus erythrorhyncus',        '2006-02-22', 9),
('hfriary7',     'Paroaria gularis',             '2017-07-13', 15),
('dhaldonh',     'Tiliqua scincoides',           '2007-01-11', 12),
('amcfie8',      'Amphibolurus barbatus',        '2002-08-13', 11),
('btyzackg',     'Amazona sparus',               '2000-03-17', 9),
('gcadwelll',    'Ceratotherium simum',          '2008-10-11', 6),
('jtooher3',     'Lophoaetus occipitalis',       '2014-09-16', 11),
('mbochf',       'Spheniscus magellanicus',      '2004-05-09', 13),
('mcurneen5',    'Ceratotherium simum',          '2003-06-19', 12),
('kkidsone',     'Snakarius mythongregor',       '2004-10-11', 13),
('sfansy2',      'Lepus arcticus',               '2000-08-18', 2),
('gflaxman0',    'Cebus apella',                 '2007-01-21', 15),
('gcadwelll',    'Dasyurus maculatus',           '2014-11-23', 4),
('kkidsone',     'Falco peregrinus',             '2000-07-20', 15),
('dhaldonh',     'Cebus nigrivittatus',          '2016-09-17', 15),
('zbeedon4',     'Ursus arctos',                 '2007-07-23', 9),
('icondellm',    'Aquila chrysaetos',            '2001-04-20', 13),
('jlafrentzk',   'Cebus apella',                 '2000-07-31', 3),
('jlafrentzk',   'Aquila chrysaetos',            '2014-10-06', 8),
('lrentonj',     'Nyctea scandiaca',             '2007-03-21', 5),
('amcfie8',      'Nyctea scandiaca',             '2014-11-04', 8),
('gwoodcrofti',  'Snakarius mythongregor',       '2004-04-04', 3),
('gwoodcrofti',  'Oncorhynchus nerka',           '2004-09-08', 3),
('dhaldonh',     'Cercopithecus aethiops',       '2008-07-22', 8),
('dhaldonh',     'Irania gutteralis',            '2005-07-18', 14),
('hfriary7',     'Junonia genoveua',             '2017-05-14', 1),
('dhaldonh',     'Petaurus breviceps',           '2001-10-08', 14),
('gwoodcrofti',  'Aquila chrysaetos',            '2006-04-26', 6),
('dhaldonh',     'Choloepus hoffmani',           '2010-05-23', 6),
('zbeedon4',     'Phylurus milli',               '2008-05-15', 4),
('icondellm',    'Oncorhynchus nerka',           '2009-12-05', 15),
('gvanderkrui1', 'Amphibolurus barbatus',        '2009-11-21', 5),
('jtooher3',     'Felis libyca',                 '2004-09-19', 6),
('sfansy2',      'Cervus duvauceli',             '2009-06-24', 8),
('asalan6',      'Nyctea scandiaca',             '2001-03-21', 2),
('zbeedon4',     'Choloepus hoffmani',           '2002-02-02', 2),
('kkidsone',     'Rana spoterious',              '2001-01-10', 11),
('mcurneen5',    'Felis libyca',                 '2017-06-05', 5),
('jlafrentzk',   'Junonia genoveua',             '2009-10-12', 4),
('asalan6',      'Paroaria gularis',             '2015-05-02', 4),
('hfriary7',     'Amphibolurus barbatus',        '2007-06-22', 9),
('dhaldonh',     'Caiman crocodilus',            '2013-03-17', 3),
('lrentonj',     'Oncorhynchus nerka',           '2001-12-26', 14),
('icondellm',    'Acrantophis madagascariensis', '2005-04-06', 15),
('hfriary7',     'Oncorhynchus nerka',           '2009-01-29', 2),
('gwoodcrofti',  'Hyaena brunnea',               '2005-05-16', 5),
('amcfie8',      'Paroaria gularis',             '2005-05-15', 12),
('dhaldonh',     'Lepus arcticus',               '2009-03-21', 12),
('bro',          'Aonyx cinerea',                '2004-05-20', 15),
('jtooher3',     'Amblyrhynchus cristatus',      '2007-12-30', 5),
('kkidsone',     'Lepus arcticus',               '2005-05-18', 14),
('kkidsone',     'Geochelone elephantopus',      '2009-05-22', 11),
('tdog',         'Lophoaetus occipitalis',       '2007-01-19', 4),
('tdog',         'Gyps bengalensis',             '2003-09-21', 2),
('jtooher3',     'Lepus arcticus',               '2012-12-07', 13),
('mcurneen5',    'Amphibolurus barbatus',        '2006-12-06', 12),
('gwoodcrofti',  'Nyctea scandiaca',             '2016-12-22', 8),
('dhaldonh',     'Hyaena brunnea',               '2013-01-31', 2),
('icondellm',    'Macaca mulatta',               '2016-11-02', 10),
('btyzackg',     'Snakarius mythongregor',       '2006-03-31', 13),
('gcadwelll',    'Felis libyca',                 '2013-08-03', 6),
('gcadwelll',    'Lepus arcticus',               '2012-01-24', 11),
('lrentonj',     'Caiman crocodilus',            '2011-09-03', 8),
('hfriary7',     'Snakarius mythongregor',       '2010-02-27', 2),
('kkidsone',     'Amblyrhynchus cristatus',      '2002-05-11', 13),
('asalan6',      'Hyaena brunnea',               '2004-08-12', 5),
('gflaxman0',    'Amazona sparus',               '2001-10-04', 4),
('btyzackg',     'Cervus duvauceli',             '2003-03-17', 10),
('gvanderkrui1', 'Petaurus breviceps',           '2004-01-02', 6),
('icondellm',    'Nyctea scandiaca',             '2017-06-03', 1),
('jlafrentzk',   'Rana spoterious',              '2002-04-20', 10),
('hfriary7',     'Crotaphytus collaris',         '2005-01-03', 14),
('kkidsone',     'Aonyx cinerea',                '2000-04-05', 7),
('sfansy2',      'Sus scrofa',                   '2007-01-30', 8),
('tdog',         'Amblyrhynchus cristatus',      '2010-04-27', 15),
('sfansy2',      'Falco peregrinus',             '2012-10-02', 11),
('bro',          'Lophoaetus occipitalis',       '2008-12-01', 13),
('dhaldonh',     'Cebus apella',                 '2005-08-20', 10),
('asalan6',      'Cercopithecus aethiops',       '2016-02-14', 13),
('dhaldonh',     'Alligator mississippiensis',   '2005-04-12', 6),
('mbochf',       'Snakarius mythongregor',       '2011-10-12', 12),
('amcfie8',      'Rana spoterious',              '2008-09-04', 3),
('tdog',         'Cervus duvauceli',             '2009-11-16', 11),
('tdog',         'Papio olivarianus',            '2012-04-27', 14),
('gwoodcrofti',  'Alligator mississippiensis',   '2006-06-04', 9),
('zbeedon4',     'Spheniscus magellanicus',      '2006-12-14', 5),
('gcadwelll',    'Oncorhynchus nerka',           '2017-05-23', 14);


INSERT INTO species_eats VALUES 
('Aonyx cinerea'                , 5),
('Aonyx cinerea'                , 6),
('Castor fiber'                 , 5),
('Castor fiber'                 , 6),
('Oncorhynchus nerka'           , 14),
('Ursus arctos'                 , 7),
('Ursus arctos'                 , 8),
('Ursus arctos'                 , 5),
('Ceratotherium simum'          , 9),
('Ceratotherium simum'          , 13),
('Dasyurus maculatus'           , 9),
('Dasyurus maculatus'           , 10),
('Dasyurus maculatus'           , 12),
('Felis concolor'               , 9),
('Felis concolor'               , 10),
('Felis libyca'                 , 9),
('Felis libyca'                 , 10),
('Hyaena brunnea'               , 10),
('Hyaena brunnea'               , 9),
('Lycaon pictus'                , 11),
('Amazona mantigra'             , 3),
('Amazona sparus'               , 3),
('Deroptyus accipitrinus'       , 3),
('Junonia genoveua'             , 3),
('Deroptyus accipitrinus'       , 14),
('Junonia genoveua'             , 14),
('Lepilemur rufescens'          , 13),
('Lepilemur rufescens'          , 3),
('Petaurus breviceps'           , 3),
('Petaurus breviceps'           , 14),
('Phylurus milli'               , 3),
('Phylurus milli'               , 14),
('Snakarius mythongregor'       , 15),
('Tockus erythrorhyncus'        , 3),
('Tockus erythrorhyncus'        , 14),
('Acrantophis madagascariensis' , 15),
('Acrantophis madagascariensis' , 14),
('Amblyrhynchus cristatus'      , 14),
('Amblyrhynchus cristatus'      , 3),
('Amphibolurus barbatus'        , 3),
('Amphibolurus barbatus'        , 9),
('Amphibolurus barbatus'        , 15),
('Crotaphytus collaris'         , 14),
('Crotaphytus collaris'         , 3),
('Geochelone elephantopus'      , 3),
('Geochelone elephantopus'      , 19),
('Naja haje'                    , 9),
('Naja haje'                    , 15),
('Tiliqua scincoides'           , 3),
('Cebus apella'                 , 16),
('Cebus apella'                 , 17),
('Cebus apella'                 , 18),
('Cebus nigrivittatus'          , 19),
('Cebus nigrivittatus'          , 17),
('Cebus nigrivittatus'          , 8),
('Cercopithecus aethiops'       , 16),
('Cercopithecus aethiops'       , 17),
('Cercopithecus aethiops'       , 3),
('Choloepus hoffmani'           , 3),
('Choloepus hoffmani'           , 14),
('Choloepus hoffmani'           , 16),
('Macaca mulatta'               , 18),
('Macaca mulatta'               , 17),
('Macaca mulatta'               , 16),
('Macaca mulatta'               , 19),
('Papio cynocephalus'           , 17),
('Papio cynocephalus'           , 9),
('Papio olivarianus'            , 17),
('Papio olivarianus'            , 14),
('Papio olivarianus'            , 3),
('Aquila chrysaetos'            , 1),
('Aquila chrysaetos'            , 4),
('Falco peregrinus'             , 6),
('Falco peregrinus'             , 9),
('Falco peregrinus'             , 4),
('Gyps bengalensis'             , 9),
('Gyps bengalensis'             , 4),
('Gyps bengalensis'             , 2),
('Irania gutteralis'            , 2),
('Irania gutteralis'            , 1),
('Lophoaetus occipitalis'       , 4),
('Lophoaetus occipitalis'       , 3),
('Lophoaetus occipitalis'       , 2),
('Nyctea scandiaca'             , 3),
('Nyctea scandiaca'             , 4),
('Nyctea scandiaca'             , 15),
('Paroaria gularis'             , 1),
('Paroaria gularis'             , 2),
('Alligator mississippiensis'   , 15),
('Alligator mississippiensis'   , 9),
('Caiman crocodilus'            , 9),
('Caiman crocodilus'            , 13),
('Caiman crocodilus'            , 15),
('Cervus duvauceli'             , 13),
('Cervus duvauceli'             , 3),
('Cervus duvauceli'             , 16),
('Rana spoterious'              , 3),
('Rana spoterious'              , 14),
('Sus scrofa'                   , 14),
('Sus scrofa'                   , 9),
('Sus scrofa'                   , 15),
('Alopex lagopus'               , 15),
('Fratercula corniculata'       , 6),
('Fratercula corniculata'       , 16),
('Fratercula corniculata'       , 14),
('Lepus arcticus'               , 14),
('Lepus arcticus'               , 15),
('Spermophilus parryii'         , 17),
('Spermophilus parryii'         , 14),
('Spheniscus magellanicus'      , 6),
('Spheniscus magellanicus'      , 5);
